epoch;time;train/box_loss;train/cls_loss;train/dfl_loss;metrics/precision(B);metrics/recall(B);metrics/mAP50(B);metrics/mAP50-95(B);val/box_loss;val/cls_loss;val/dfl_loss;lr/pg0;lr/pg1;lr/pg2;lr/pg3;lr/pg4;lr/pg5;lr/pg6;lr/pg7
1;374,986;1,63531;2,61650;0,01118;0,70218;0,62721;0,67347;0,35654;1,56817;1,22121;0,01179;0,00998553;0,00332851;0,00998553;0,00332851;0,00998553;0,00332851;0,00998553;0,00332851
2;693,120;1,53510;1,58587;0,01036;0,70789;0,66316;0,71206;0,39838;1,54071;1,14302;0,01177;0,01991960;0,00663986;0,01991960;0,00663986;0,01991960;0,00663986;0,01991960;0,00663986
3;989,285;1,57196;1,59103;0,01075;0,67551;0,61783;0,65872;0,34039;1,65078;1,27790;0,01316;0,02978760;0,00992921;0,02978760;0,00992921;0,02978760;0,00992921;0,02978760;0,00992921
4;1278,340;1,59612;1,64243;0,01092;0,69253;0,66059;0,69807;0,37984;1,57385;1,14796;0,01221;0,02970300;0,00990100;0,02970300;0,00990100;0,02970300;0,00990100;0,02970300;0,00990100
5;1566,050;1,56654;1,56257;0,01073;0,71785;0,67352;0,71970;0,37250;1,66291;1,12220;0,01318;0,02960400;0,00986800;0,02960400;0,00986800;0,02960400;0,00986800;0,02960400;0,00986800
6;1857,520;1,54700;1,50234;0,01047;0,72786;0,69388;0,74796;0,42489;1,54460;1,04249;0,01176;0,02950500;0,00983500;0,02950500;0,00983500;0,02950500;0,00983500;0,02950500;0,00983500
7;2149,150;1,51451;1,42543;0,01030;0,74488;0,70645;0,76184;0,43826;1,50920;0,98267;0,01154;0,02940600;0,00980200;0,02940600;0,00980200;0,02940600;0,00980200;0,02940600;0,00980200
8;2438,930;1,49975;1,37007;0,00999;0,75710;0,71632;0,77645;0,44142;1,51651;0,94454;0,01137;0,02930700;0,00976900;0,02930700;0,00976900;0,02930700;0,00976900;0,02930700;0,00976900
9;2729,580;1,48592;1,32117;0,00988;0,75750;0,72641;0,78487;0,45104;1,50431;0,91434;0,01137;0,02920800;0,00973600;0,02920800;0,00973600;0,02920800;0,00973600;0,02920800;0,00973600
10;3019,060;1,46749;1,28953;0,00970;0,77474;0,73772;0,80647;0,46424;1,50169;0,88914;0,01139;0,02910900;0,00970300;0,02910900;0,00970300;0,02910900;0,00970300;0,02910900;0,00970300
11;3309,760;1,45442;1,25939;0,00963;0,76804;0,75531;0,81420;0,47163;1,49333;0,88764;0,01130;0,02901000;0,00967000;0,02901000;0,00967000;0,02901000;0,00967000;0,02901000;0,00967000
12;3600,290;1,44471;1,23337;0,00954;0,78842;0,74236;0,80569;0,46616;1,48915;0,87688;0,01110;0,02891100;0,00963700;0,02891100;0,00963700;0,02891100;0,00963700;0,02891100;0,00963700
13;3890,420;1,43181;1,19945;0,00940;0,78632;0,77046;0,82378;0,48698;1,44936;0,82020;0,01076;0,02881200;0,00960400;0,02881200;0,00960400;0,02881200;0,00960400;0,02881200;0,00960400
14;4179,620;1,41777;1,19237;0,00938;0,79939;0,75696;0,82979;0,49442;1,45287;0,80049;0,01093;0,02871300;0,00957100;0,02871300;0,00957100;0,02871300;0,00957100;0,02871300;0,00957100
15;4469,270;1,40528;1,16016;0,00932;0,79902;0,75166;0,82120;0,48021;1,47327;0,85453;0,01096;0,02861400;0,00953800;0,02861400;0,00953800;0,02861400;0,00953800;0,02861400;0,00953800
16;4761,840;1,39308;1,13463;0,00912;0,81412;0,77017;0,84262;0,50663;1,42515;0,78113;0,01062;0,02851500;0,00950500;0,02851500;0,00950500;0,02851500;0,00950500;0,02851500;0,00950500
17;5053,430;1,38478;1,10340;0,00902;0,78557;0,79267;0,83789;0,50789;1,41111;0,77687;0,01040;0,02841600;0,00947200;0,02841600;0,00947200;0,02841600;0,00947200;0,02841600;0,00947200
18;5343,760;1,37552;1,09017;0,00887;0,82007;0,79243;0,85446;0,51726;1,41771;0,74853;0,01050;0,02831700;0,00943900;0,02831700;0,00943900;0,02831700;0,00943900;0,02831700;0,00943900
19;5632,280;1,36496;1,07290;0,00886;0,80499;0,80808;0,85856;0,52319;1,39474;0,73200;0,01025;0,02821800;0,00940600;0,02821800;0,00940600;0,02821800;0,00940600;0,02821800;0,00940600
20;5923,570;1,35943;1,05530;0,00871;0,81587;0,78758;0,84730;0,51934;1,39651;0,76338;0,01034;0,02811900;0,00937300;0,02811900;0,00937300;0,02811900;0,00937300;0,02811900;0,00937300
21;6214,710;1,34816;1,03624;0,00868;0,82623;0,81457;0,86490;0,53189;1,40406;0,72249;0,01043;0,02802000;0,00934000;0,02802000;0,00934000;0,02802000;0,00934000;0,02802000;0,00934000
22;6506,570;1,33696;1,02605;0,00864;0,83845;0,81105;0,87463;0,53777;1,38372;0,69006;0,01017;0,02792100;0,00930700;0,02792100;0,00930700;0,02792100;0,00930700;0,02792100;0,00930700
23;6797,240;1,33097;1,01852;0,00853;0,83060;0,81432;0,87436;0,53925;1,37700;0,68336;0,01011;0,02782200;0,00927400;0,02782200;0,00927400;0,02782200;0,00927400;0,02782200;0,00927400
24;7086,650;1,32436;1,00035;0,00853;0,84418;0,80058;0,87137;0,54115;1,36969;0,68402;0,01004;0,02772300;0,00924100;0,02772300;0,00924100;0,02772300;0,00924100;0,02772300;0,00924100
25;7378,360;1,32105;0,98733;0,00848;0,83542;0,81987;0,87711;0,53887;1,37240;0,68028;0,00997;0,02762400;0,00920800;0,02762400;0,00920800;0,02762400;0,00920800;0,02762400;0,00920800
26;7669,170;1,30953;0,97163;0,00826;0,83618;0,83654;0,88466;0,55052;1,35111;0,66293;0,00979;0,02752500;0,00917500;0,02752500;0,00917500;0,02752500;0,00917500;0,02752500;0,00917500
27;7959,490;1,30820;0,97302;0,00827;0,84420;0,81389;0,87921;0,54936;1,36064;0,66794;0,00982;0,02742600;0,00914200;0,02742600;0,00914200;0,02742600;0,00914200;0,02742600;0,00914200
28;8249,980;1,29241;0,95334;0,00826;0,82468;0,82557;0,88227;0,55523;1,33996;0,65191;0,00972;0,02732700;0,00910900;0,02732700;0,00910900;0,02732700;0,00910900;0,02732700;0,00910900
29;8539,390;1,29065;0,94888;0,00812;0,85117;0,83310;0,89224;0,55790;1,34463;0,63899;0,00982;0,02722800;0,00907600;0,02722800;0,00907600;0,02722800;0,00907600;0,02722800;0,00907600
30;8831,410;1,28336;0,93346;0,00818;0,84169;0,82584;0,88476;0,55907;1,34061;0,65931;0,00975;0,02712900;0,00904300;0,02712900;0,00904300;0,02712900;0,00904300;0,02712900;0,00904300
31;9122,140;1,27248;0,92710;0,00809;0,85575;0,82867;0,89023;0,56333;1,31322;0,64465;0,00945;0,02703000;0,00901000;0,02703000;0,00901000;0,02703000;0,00901000;0,02703000;0,00901000
32;9412,980;1,26753;0,92525;0,00800;0,85451;0,83652;0,89486;0,57207;1,31703;0,63944;0,00955;0,02693100;0,00897700;0,02693100;0,00897700;0,02693100;0,00897700;0,02693100;0,00897700
33;9702,120;1,26918;0,90704;0,00805;0,85985;0,83597;0,90064;0,57682;1,31139;0,61856;0,00947;0,02683200;0,00894400;0,02683200;0,00894400;0,02683200;0,00894400;0,02683200;0,00894400
34;9991,460;1,26214;0,90058;0,00796;0,83959;0,83910;0,89189;0,56820;1,31785;0,64183;0,00941;0,02673300;0,00891100;0,02673300;0,00891100;0,02673300;0,00891100;0,02673300;0,00891100
35;10283,000;1,25231;0,88547;0,00787;0,85715;0,84125;0,89821;0,57695;1,30093;0,61484;0,00928;0,02663400;0,00887800;0,02663400;0,00887800;0,02663400;0,00887800;0,02663400;0,00887800
36;10574,100;1,24629;0,88366;0,00777;0,86815;0,82867;0,89813;0,58111;1,28902;0,60952;0,00916;0,02653500;0,00884500;0,02653500;0,00884500;0,02653500;0,00884500;0,02653500;0,00884500
37;10862,500;1,24033;0,87615;0,00779;0,86314;0,84286;0,90167;0,58738;1,27363;0,59981;0,00908;0,02643600;0,00881200;0,02643600;0,00881200;0,02643600;0,00881200;0,02643600;0,00881200
38;11153,700;1,23649;0,86359;0,00766;0,85217;0,86944;0,90773;0,58957;1,28246;0,58551;0,00913;0,02633700;0,00877900;0,02633700;0,00877900;0,02633700;0,00877900;0,02633700;0,00877900
39;11499,700;1,23158;0,86012;0,00771;0,86879;0,85064;0,90519;0,58507;1,29315;0,58935;0,00929;0,02623800;0,00874600;0,02623800;0,00874600;0,02623800;0,00874600;0,02623800;0,00874600
40;11915,800;1,23182;0,85460;0,00769;0,87306;0,84459;0,90987;0,59244;1,27020;0,57917;0,00902;0,02613900;0,00871300;0,02613900;0,00871300;0,02613900;0,00871300;0,02613900;0,00871300
41;12324,600;1,22065;0,83835;0,00769;0,88006;0,84519;0,91077;0,59877;1,25761;0,57681;0,00895;0,02604000;0,00868000;0,02604000;0,00868000;0,02604000;0,00868000;0,02604000;0,00868000
42;12739,600;1,21586;0,83990;0,00757;0,87437;0,85680;0,91451;0,59835;1,25907;0,57263;0,00896;0,02594100;0,00864700;0,02594100;0,00864700;0,02594100;0,00864700;0,02594100;0,00864700
43;405,389;1,18572;0,81207;0,00738;0,89106;0,85331;0,91759;0,60392;1,24238;0,55638;0,00878;0,02584200;0,00861400;0,02584200;0,00861400;0,02584200;0,00861400;0,02584200;0,00861400
44;814,777;1,19631;0,82099;0,00744;0,86157;0,86633;0,91333;0,60429;1,24120;0,57535;0,00876;0,02574300;0,00858100;0,02574300;0,00858100;0,02574300;0,00858100;0,02574300;0,00858100
45;1218,370;1,18954;0,81100;0,00739;0,87700;0,86972;0,92069;0,61215;1,22769;0,55394;0,00869;0,02564400;0,00854800;0,02564400;0,00854800;0,02564400;0,00854800;0,02564400;0,00854800
46;1586,040;1,18762;0,81100;0,00731;0,86786;0,86497;0,91551;0,61086;1,23311;0,56447;0,00873;0,02554500;0,00851500;0,02554500;0,00851500;0,02554500;0,00851500;0,02554500;0,00851500
47;1959,140;1,18087;0,80787;0,00733;0,87856;0,86902;0,92135;0,61151;1,23303;0,54964;0,00867;0,02544600;0,00848200;0,02544600;0,00848200;0,02544600;0,00848200;0,02544600;0,00848200
48;2334,540;1,18430;0,81042;0,00731;0,87094;0,86962;0,91726;0,61199;1,22580;0,55429;0,00865;0,02534700;0,00844900;0,02534700;0,00844900;0,02534700;0,00844900;0,02534700;0,00844900
49;2739,920;1,17456;0,80192;0,00730;0,88002;0,85454;0,91770;0,61498;1,22010;0,56279;0,00859;0,02524800;0,00841600;0,02524800;0,00841600;0,02524800;0,00841600;0,02524800;0,00841600
50;3136,090;1,17566;0,79223;0,00720;0,88778;0,86656;0,92023;0,61652;1,21739;0,55141;0,00860;0,02514900;0,00838300;0,02514900;0,00838300;0,02514900;0,00838300;0,02514900;0,00838300
51;3526,720;1,16983;0,78136;0,00716;0,89418;0,86223;0,92537;0,62092;1,21040;0,53400;0,00843;0,02505000;0,00835000;0,02505000;0,00835000;0,02505000;0,00835000;0,02505000;0,00835000
52;3904,710;1,17115;0,78244;0,00716;0,88198;0,87725;0,92555;0,62284;1,20309;0,53415;0,00840;0,02495100;0,00831700;0,02495100;0,00831700;0,02495100;0,00831700;0,02495100;0,00831700
53;357,162;1,11043;0,71297;0,00676;0,88798;0,87106;0,92550;0,62560;1,20104;0,53572;0,00834;0,02485200;0,00828400;0,02485200;0,00828400;0,02485200;0,00828400;0,02485200;0,00828400
54;767,012;1,12088;0,72631;0,00684;0,89474;0,86499;0,92730;0,62704;1,20107;0,52706;0,00837;0,02475300;0,00825100;0,02475300;0,00825100;0,02475300;0,00825100;0,02475300;0,00825100
55;1170,050;1,11722;0,72640;0,00683;0,88886;0,87481;0,92685;0,62684;1,19483;0,52881;0,00836;0,02465400;0,00821800;0,02465400;0,00821800;0,02465400;0,00821800;0,02465400;0,00821800
56;1545,280;1,11542;0,72519;0,00675;0,89178;0,87287;0,92455;0,62750;1,19268;0,53526;0,00829;0,02455500;0,00818500;0,02455500;0,00818500;0,02455500;0,00818500;0,02455500;0,00818500
57;1940,020;1,11402;0,71738;0,00681;0,88732;0,88122;0,92528;0,62717;1,19476;0,52536;0,00831;0,02445600;0,00815200;0,02445600;0,00815200;0,02445600;0,00815200;0,02445600;0,00815200
58;2282,800;1,11463;0,71980;0,00675;0,89815;0,86606;0,92632;0,63032;1,18183;0,53883;0,00819;0,02435700;0,00811900;0,02435700;0,00811900;0,02435700;0,00811900;0,02435700;0,00811900
59;2718,630;1,10696;0,71395;0,00677;0,89031;0,87861;0,92705;0,63226;1,17852;0,53005;0,00815;0,02425800;0,00808600;0,02425800;0,00808600;0,02425800;0,00808600;0,02425800;0,00808600
60;3146,370;1,10919;0,71401;0,00668;0,89661;0,87681;0,92954;0,63503;1,17444;0,52224;0,00809;0,02415900;0,00805300;0,02415900;0,00805300;0,02415900;0,00805300;0,02415900;0,00805300
61;3558,030;1,10857;0,70857;0,00668;0,89668;0,87931;0,92972;0,63466;1,17787;0,50909;0,00816;0,02406000;0,00802000;0,02406000;0,00802000;0,02406000;0,00802000;0,02406000;0,00802000
62;3835,950;1,12044;0,72975;0,00675;0,88979;0,87824;0,92629;0,63356;1,17299;0,51889;0,00815;0,02396100;0,00798700;0,02396100;0,00798700;0,02396100;0,00798700;0,02396100;0,00798700
63;4115,850;1,13460;0,74791;0,00690;0,91322;0,85732;0,92743;0,63556;1,17020;0,51412;0,00813;0,02386200;0,00795400;0,02386200;0,00795400;0,02386200;0,00795400;0,02386200;0,00795400
64;4395,740;1,13392;0,74960;0,00691;0,89578;0,87456;0,92721;0,63560;1,16785;0,51373;0,00809;0,02376300;0,00792100;0,02376300;0,00792100;0,02376300;0,00792100;0,02376300;0,00792100
65;4676,810;1,13199;0,74244;0,00688;0,90735;0,86353;0,92965;0,63866;1,16713;0,51287;0,00810;0,02366400;0,00788800;0,02366400;0,00788800;0,02366400;0,00788800;0,02366400;0,00788800
66;4956,460;1,12525;0,74046;0,00691;0,91185;0,86469;0,93026;0,63958;1,16418;0,51268;0,00811;0,02356500;0,00785500;0,02356500;0,00785500;0,02356500;0,00785500;0,02356500;0,00785500
67;5236,930;1,11882;0,74237;0,00687;0,89300;0,87975;0,92934;0,64020;1,16302;0,51053;0,00809;0,02346600;0,00782200;0,02346600;0,00782200;0,02346600;0,00782200;0,02346600;0,00782200
68;5517,640;1,11385;0,73506;0,00678;0,89555;0,87820;0,93041;0,64260;1,16247;0,51230;0,00806;0,02336700;0,00778900;0,02336700;0,00778900;0,02336700;0,00778900;0,02336700;0,00778900
69;5798,300;1,10889;0,72059;0,00672;0,90493;0,86782;0,93162;0,64206;1,16201;0,51347;0,00803;0,02326800;0,00775600;0,02326800;0,00775600;0,02326800;0,00775600;0,02326800;0,00775600
70;6078,930;1,11262;0,72191;0,00668;0,90188;0,87269;0,93247;0,64292;1,16098;0,50911;0,00804;0,02316900;0,00772300;0,02316900;0,00772300;0,02316900;0,00772300;0,02316900;0,00772300
71;6358,680;1,10867;0,71601;0,00670;0,90593;0,87114;0,93329;0,64445;1,15771;0,50941;0,00802;0,02307000;0,00769000;0,02307000;0,00769000;0,02307000;0,00769000;0,02307000;0,00769000
72;6638,320;1,10528;0,71427;0,00662;0,89281;0,88886;0,93249;0,64610;1,15518;0,50318;0,00799;0,02297100;0,00765700;0,02297100;0,00765700;0,02297100;0,00765700;0,02297100;0,00765700
73;6918,410;1,10194;0,70313;0,00662;0,89487;0,88729;0,93344;0,64794;1,15092;0,50435;0,00796;0,02287200;0,00762400;0,02287200;0,00762400;0,02287200;0,00762400;0,02287200;0,00762400
74;7198,080;1,09571;0,70982;0,00666;0,90376;0,88103;0,93315;0,64883;1,14645;0,50466;0,00788;0,02277300;0,00759100;0,02277300;0,00759100;0,02277300;0,00759100;0,02277300;0,00759100
75;7477,940;1,09652;0,70822;0,00659;0,90107;0,88217;0,93280;0,64860;1,14707;0,50027;0,00790;0,02267400;0,00755800;0,02267400;0,00755800;0,02267400;0,00755800;0,02267400;0,00755800
76;7757,570;1,09366;0,69968;0,00664;0,89168;0,89318;0,93403;0,64866;1,14456;0,50001;0,00788;0,02257500;0,00752500;0,02257500;0,00752500;0,02257500;0,00752500;0,02257500;0,00752500
77;8036,640;1,09032;0,70291;0,00661;0,90521;0,88666;0,93485;0,64985;1,14219;0,49726;0,00786;0,02247600;0,00749200;0,02247600;0,00749200;0,02247600;0,00749200;0,02247600;0,00749200
78;8317,030;1,08790;0,69671;0,00646;0,91166;0,88095;0,93472;0,65036;1,14076;0,49814;0,00783;0,02237700;0,00745900;0,02237700;0,00745900;0,02237700;0,00745900;0,02237700;0,00745900
79;8597,540;1,09214;0,69992;0,00651;0,90459;0,88567;0,93573;0,65255;1,13620;0,49795;0,00777;0,02227800;0,00742600;0,02227800;0,00742600;0,02227800;0,00742600;0,02227800;0,00742600
80;8877,150;1,07858;0,68859;0,00649;0,90933;0,88575;0,93577;0,65255;1,13561;0,49534;0,00776;0,02217900;0,00739300;0,02217900;0,00739300;0,02217900;0,00739300;0,02217900;0,00739300
81;9158,040;1,08045;0,68929;0,00642;0,90975;0,88986;0,93683;0,65377;1,13329;0,48928;0,00775;0,02208000;0,00736000;0,02208000;0,00736000;0,02208000;0,00736000;0,02208000;0,00736000
82;9436,700;1,07786;0,68416;0,00647;0,90596;0,88672;0,93580;0,65413;1,13161;0,49275;0,00776;0,02198100;0,00732700;0,02198100;0,00732700;0,02198100;0,00732700;0,02198100;0,00732700
83;9715,270;1,06785;0,68247;0,00642;0,90544;0,88806;0,93713;0,65543;1,12897;0,48995;0,00771;0,02188200;0,00729400;0,02188200;0,00729400;0,02188200;0,00729400;0,02188200;0,00729400
84;9994,110;1,07540;0,68326;0,00645;0,90956;0,88928;0,93727;0,65659;1,12588;0,48817;0,00771;0,02178300;0,00726100;0,02178300;0,00726100;0,02178300;0,00726100;0,02178300;0,00726100
85;10273,400;1,06782;0,66588;0,00639;0,90529;0,88962;0,93704;0,65713;1,12337;0,49085;0,00769;0,02168400;0,00722800;0,02168400;0,00722800;0,02168400;0,00722800;0,02168400;0,00722800
86;10554,000;1,07066;0,67052;0,00641;0,90823;0,88925;0,93685;0,65775;1,12135;0,48976;0,00768;0,02158500;0,00719500;0,02158500;0,00719500;0,02158500;0,00719500;0,02158500;0,00719500
87;10833,600;1,05977;0,66817;0,00633;0,90788;0,89149;0,93771;0,65879;1,12097;0,48603;0,00766;0,02148600;0,00716200;0,02148600;0,00716200;0,02148600;0,00716200;0,02148600;0,00716200
88;11113,500;1,06284;0,66808;0,00631;0,90471;0,89474;0,93765;0,65975;1,11867;0,48180;0,00766;0,02138700;0,00712900;0,02138700;0,00712900;0,02138700;0,00712900;0,02138700;0,00712900
89;11393,400;1,05780;0,66707;0,00632;0,90725;0,89113;0,93799;0,66081;1,11667;0,47813;0,00765;0,02128800;0,00709600;0,02128800;0,00709600;0,02128800;0,00709600;0,02128800;0,00709600
90;11673,000;1,05805;0,65470;0,00624;0,90357;0,88972;0,93742;0,66057;1,11234;0,48193;0,00762;0,02118900;0,00706300;0,02118900;0,00706300;0,02118900;0,00706300;0,02118900;0,00706300
91;11952,700;1,05418;0,66109;0,00632;0,90631;0,88998;0,93760;0,66192;1,11125;0,48027;0,00761;0,02109000;0,00703000;0,02109000;0,00703000;0,02109000;0,00703000;0,02109000;0,00703000
92;12232,100;1,05693;0,65954;0,00631;0,90493;0,89191;0,93754;0,66211;1,11019;0,47836;0,00760;0,02099100;0,00699700;0,02099100;0,00699700;0,02099100;0,00699700;0,02099100;0,00699700
93;12511,700;1,04614;0,64614;0,00626;0,90957;0,88765;0,93774;0,66276;1,10821;0,47982;0,00759;0,02089200;0,00696400;0,02089200;0,00696400;0,02089200;0,00696400;0,02089200;0,00696400
94;12790,600;1,04591;0,65420;0,00622;0,90625;0,89010;0,93798;0,66383;1,10662;0,47867;0,00758;0,02079300;0,00693100;0,02079300;0,00693100;0,02079300;0,00693100;0,02079300;0,00693100
95;13069,900;1,04850;0,66308;0,00623;0,90407;0,89351;0,93817;0,66419;1,10515;0,47741;0,00756;0,02069400;0,00689800;0,02069400;0,00689800;0,02069400;0,00689800;0,02069400;0,00689800
96;13348,100;1,04711;0,65344;0,00621;0,91494;0,88281;0,93859;0,66529;1,10404;0,47557;0,00755;0,02059500;0,00686500;0,02059500;0,00686500;0,02059500;0,00686500;0,02059500;0,00686500
97;13627,400;1,04264;0,65364;0,00623;0,91413;0,88291;0,93868;0,66575;1,10291;0,47589;0,00755;0,02049600;0,00683200;0,02049600;0,00683200;0,02049600;0,00683200;0,02049600;0,00683200
98;13906,500;1,04382;0,65084;0,00617;0,91406;0,88282;0,93866;0,66593;1,10155;0,47417;0,00753;0,02039700;0,00679900;0,02039700;0,00679900;0,02039700;0,00679900;0,02039700;0,00679900
99;14186,500;1,04217;0,64727;0,00619;0,91421;0,88205;0,93917;0,66661;1,10082;0,47280;0,00752;0,02029800;0,00676600;0,02029800;0,00676600;0,02029800;0,00676600;0,02029800;0,00676600
100;14471,700;1,04004;0,64370;0,00614;0,91647;0,88092;0,93909;0,66715;1,10032;0,47200;0,00751;0,02019900;0,00673300;0,02019900;0,00673300;0,02019900;0,00673300;0,02019900;0,00673300
101;14751,700;1,03430;0,64332;0,00616;0,91026;0,88557;0,93894;0,66769;1,09975;0,47161;0,00751;0,02010000;0,00670000;0,02010000;0,00670000;0,02010000;0,00670000;0,02010000;0,00670000
102;15030,300;1,03775;0,64543;0,00619;0,91034;0,88565;0,93870;0,66758;1,09844;0,47004;0,00749;0,02000100;0,00666700;0,02000100;0,00666700;0,02000100;0,00666700;0,02000100;0,00666700
103;15310,500;1,03522;0,63965;0,00609;0,90274;0,89268;0,93838;0,66774;1,09769;0,46868;0,00749;0,01990200;0,00663400;0,01990200;0,00663400;0,01990200;0,00663400;0,01990200;0,00663400
104;15589,600;1,02397;0,63941;0,00605;0,90238;0,89423;0,93837;0,66811;1,09656;0,46881;0,00749;0,01980300;0,00660100;0,01980300;0,00660100;0,01980300;0,00660100;0,01980300;0,00660100
105;15869,000;1,03105;0,64103;0,00614;0,90754;0,88860;0,93849;0,66820;1,09632;0,46832;0,00749;0,01970400;0,00656800;0,01970400;0,00656800;0,01970400;0,00656800;0,01970400;0,00656800
106;16148,400;1,02861;0,63215;0,00610;0,90400;0,89279;0,93833;0,66837;1,09443;0,46922;0,00747;0,01960500;0,00653500;0,01960500;0,00653500;0,01960500;0,00653500;0,01960500;0,00653500
107;16427,200;1,02453;0,62851;0,00606;0,89940;0,89854;0,93871;0,66904;1,09418;0,46897;0,00747;0,01950600;0,00650200;0,01950600;0,00650200;0,01950600;0,00650200;0,01950600;0,00650200
108;16706,000;1,02019;0,63462;0,00602;0,90707;0,89336;0,93915;0,67004;1,09331;0,46741;0,00746;0,01940700;0,00646900;0,01940700;0,00646900;0,01940700;0,00646900;0,01940700;0,00646900
109;16986,700;1,02028;0,63120;0,00607;0,90274;0,89557;0,93889;0,67020;1,09224;0,46885;0,00745;0,01930800;0,00643600;0,01930800;0,00643600;0,01930800;0,00643600;0,01930800;0,00643600
110;17267,000;1,01380;0,62980;0,00596;0,90593;0,89290;0,93880;0,67099;1,09064;0,46876;0,00744;0,01920900;0,00640300;0,01920900;0,00640300;0,01920900;0,00640300;0,01920900;0,00640300
111;17546,800;1,01902;0,62164;0,00595;0,89906;0,89805;0,93881;0,67099;1,09015;0,47018;0,00743;0,01911000;0,00637000;0,01911000;0,00637000;0,01911000;0,00637000;0,01911000;0,00637000
112;17825,900;1,01350;0,62170;0,00595;0,90342;0,89610;0,93894;0,67100;1,08987;0,47012;0,00742;0,01901100;0,00633700;0,01901100;0,00633700;0,01901100;0,00633700;0,01901100;0,00633700
113;18104,300;1,00729;0,62099;0,00599;0,90842;0,89504;0,93991;0,67163;1,08919;0,46936;0,00741;0,01891200;0,00630400;0,01891200;0,00630400;0,01891200;0,00630400;0,01891200;0,00630400
114;18383,200;1,01012;0,62082;0,00598;0,90682;0,89283;0,94015;0,67221;1,08802;0,46932;0,00740;0,01881300;0,00627100;0,01881300;0,00627100;0,01881300;0,00627100;0,01881300;0,00627100
115;18662,200;1,00805;0,61904;0,00593;0,90401;0,89945;0,94040;0,67265;1,08720;0,46801;0,00740;0,01871400;0,00623800;0,01871400;0,00623800;0,01871400;0,00623800;0,01871400;0,00623800
116;18941,400;1,00393;0,61661;0,00594;0,90543;0,89884;0,94032;0,67298;1,08669;0,46843;0,00740;0,01861500;0,00620500;0,01861500;0,00620500;0,01861500;0,00620500;0,01861500;0,00620500
117;19220,900;1,00126;0,61020;0,00584;0,90811;0,89301;0,94010;0,67290;1,08576;0,46868;0,00739;0,01851600;0,00617200;0,01851600;0,00617200;0,01851600;0,00617200;0,01851600;0,00617200
118;19500,400;1,00734;0,61478;0,00593;0,91581;0,88872;0,94019;0,67388;1,08462;0,46871;0,00739;0,01841700;0,00613900;0,01841700;0,00613900;0,01841700;0,00613900;0,01841700;0,00613900
119;19779,600;0,99778;0,61468;0,00585;0,90744;0,89669;0,94029;0,67401;1,08385;0,46958;0,00738;0,01831800;0,00610600;0,01831800;0,00610600;0,01831800;0,00610600;0,01831800;0,00610600
120;20057,700;0,99601;0,60964;0,00580;0,91039;0,89131;0,94061;0,67450;1,08253;0,46835;0,00737;0,01821900;0,00607300;0,01821900;0,00607300;0,01821900;0,00607300;0,01821900;0,00607300
121;20336,900;0,99282;0,60410;0,00583;0,91496;0,88974;0,94091;0,67520;1,08158;0,46646;0,00736;0,01812000;0,00604000;0,01812000;0,00604000;0,01812000;0,00604000;0,01812000;0,00604000
122;20617,200;0,99418;0,60877;0,00579;0,91296;0,89095;0,94085;0,67562;1,08137;0,46487;0,00736;0,01802100;0,00600700;0,01802100;0,00600700;0,01802100;0,00600700;0,01802100;0,00600700
123;20896,600;0,99063;0,60537;0,00576;0,91562;0,88957;0,94110;0,67564;1,08090;0,46369;0,00736;0,01792200;0,00597400;0,01792200;0,00597400;0,01792200;0,00597400;0,01792200;0,00597400
124;21175,900;0,99109;0,60023;0,00577;0,91583;0,89166;0,94103;0,67587;1,08029;0,46350;0,00735;0,01782300;0,00594100;0,01782300;0,00594100;0,01782300;0,00594100;0,01782300;0,00594100
125;21454,300;0,98913;0,59851;0,00582;0,91336;0,89349;0,94121;0,67620;1,07900;0,46484;0,00734;0,01772400;0,00590800;0,01772400;0,00590800;0,01772400;0,00590800;0,01772400;0,00590800
126;21732,900;0,98422;0,59536;0,00580;0,91377;0,89284;0,94116;0,67670;1,07811;0,46469;0,00734;0,01762500;0,00587500;0,01762500;0,00587500;0,01762500;0,00587500;0,01762500;0,00587500
127;22011,200;0,98165;0,59501;0,00575;0,91543;0,89354;0,94110;0,67706;1,07792;0,46403;0,00733;0,01752600;0,00584200;0,01752600;0,00584200;0,01752600;0,00584200;0,01752600;0,00584200
128;22290,500;0,98173;0,59172;0,00573;0,91517;0,89214;0,94117;0,67737;1,07621;0,46229;0,00732;0,01742700;0,00580900;0,01742700;0,00580900;0,01742700;0,00580900;0,01742700;0,00580900
129;22570,700;0,98401;0,59243;0,00573;0,91551;0,88995;0,94097;0,67762;1,07615;0,46176;0,00732;0,01732800;0,00577600;0,01732800;0,00577600;0,01732800;0,00577600;0,01732800;0,00577600
130;22849,900;0,97872;0,58728;0,00572;0,91518;0,89045;0,94102;0,67785;1,07502;0,46041;0,00732;0,01722900;0,00574300;0,01722900;0,00574300;0,01722900;0,00574300;0,01722900;0,00574300
131;23128,000;0,97871;0,59153;0,00570;0,91865;0,88700;0,94093;0,67802;1,07447;0,45950;0,00731;0,01713000;0,00571000;0,01713000;0,00571000;0,01713000;0,00571000;0,01713000;0,00571000
132;23406,200;0,97061;0,58062;0,00565;0,91085;0,89728;0,94097;0,67818;1,07371;0,45975;0,00731;0,01703100;0,00567700;0,01703100;0,00567700;0,01703100;0,00567700;0,01703100;0,00567700
133;23685,300;0,96880;0,58269;0,00565;0,91892;0,88752;0,94134;0,67852;1,07281;0,45964;0,00730;0,01693200;0,00564400;0,01693200;0,00564400;0,01693200;0,00564400;0,01693200;0,00564400
134;23964,200;0,97035;0,57941;0,00566;0,91945;0,88790;0,94137;0,67864;1,07217;0,45898;0,00729;0,01683300;0,00561100;0,01683300;0,00561100;0,01683300;0,00561100;0,01683300;0,00561100
135;24243,000;0,96577;0,57524;0,00564;0,92190;0,88559;0,94162;0,67880;1,07155;0,45978;0,00729;0,01673400;0,00557800;0,01673400;0,00557800;0,01673400;0,00557800;0,01673400;0,00557800
136;24521,800;0,96718;0,57882;0,00562;0,91026;0,89649;0,94177;0,67912;1,07038;0,45984;0,00728;0,01663500;0,00554500;0,01663500;0,00554500;0,01663500;0,00554500;0,01663500;0,00554500
137;24800,700;0,96599;0,58264;0,00561;0,91734;0,88790;0,94179;0,67914;1,06966;0,45879;0,00727;0,01653600;0,00551200;0,01653600;0,00551200;0,01653600;0,00551200;0,01653600;0,00551200
138;25079,000;0,96360;0,57753;0,00564;0,91678;0,88804;0,94193;0,67949;1,06893;0,45842;0,00727;0,01643700;0,00547900;0,01643700;0,00547900;0,01643700;0,00547900;0,01643700;0,00547900
139;25357,500;0,95954;0,57757;0,00561;0,92348;0,88392;0,94183;0,67947;1,06819;0,45902;0,00726;0,01633800;0,00544600;0,01633800;0,00544600;0,01633800;0,00544600;0,01633800;0,00544600
140;25636,400;0,95854;0,57258;0,00556;0,92096;0,88512;0,94204;0,68049;1,06663;0,45940;0,00725;0,01623900;0,00541300;0,01623900;0,00541300;0,01623900;0,00541300;0,01623900;0,00541300
141;25915,800;0,95608;0,57236;0,00552;0,92370;0,88324;0,94236;0,68076;1,06599;0,45780;0,00724;0,01614000;0,00538000;0,01614000;0,00538000;0,01614000;0,00538000;0,01614000;0,00538000
142;26195,900;0,95672;0,57397;0,00555;0,91709;0,89035;0,94258;0,68076;1,06576;0,45607;0,00724;0,01604100;0,00534700;0,01604100;0,00534700;0,01604100;0,00534700;0,01604100;0,00534700
143;26475,300;0,95795;0,57064;0,00556;0,91739;0,89218;0,94216;0,68089;1,06543;0,45508;0,00723;0,01594200;0,00531400;0,01594200;0,00531400;0,01594200;0,00531400;0,01594200;0,00531400
144;26753,800;0,95280;0,56628;0,00548;0,91721;0,89067;0,94201;0,68118;1,06537;0,45401;0,00723;0,01584300;0,00528100;0,01584300;0,00528100;0,01584300;0,00528100;0,01584300;0,00528100
145;27033,000;0,94853;0,56278;0,00548;0,91893;0,89067;0,94264;0,68103;1,06406;0,45454;0,00723;0,01574400;0,00524800;0,01574400;0,00524800;0,01574400;0,00524800;0,01574400;0,00524800
146;27313,200;0,95261;0,56156;0,00549;0,91693;0,89307;0,94232;0,68040;1,06328;0,45514;0,00722;0,01564500;0,00521500;0,01564500;0,00521500;0,01564500;0,00521500;0,01564500;0,00521500
147;27592,000;0,94565;0,55843;0,00542;0,91833;0,89193;0,94232;0,68031;1,06265;0,45571;0,00721;0,01554600;0,00518200;0,01554600;0,00518200;0,01554600;0,00518200;0,01554600;0,00518200
148;27871,900;0,94127;0,55608;0,00545;0,91591;0,89489;0,94287;0,68092;1,06117;0,45561;0,00720;0,01544700;0,00514900;0,01544700;0,00514900;0,01544700;0,00514900;0,01544700;0,00514900
149;28150,800;0,94089;0,55581;0,00545;0,91034;0,89798;0,94266;0,68082;1,06038;0,45653;0,00720;0,01534800;0,00511600;0,01534800;0,00511600;0,01534800;0,00511600;0,01534800;0,00511600
150;28429,900;0,93793;0,54903;0,00542;0,91191;0,89700;0,94238;0,68035;1,06008;0,46075;0,00719;0,01524900;0,00508300;0,01524900;0,00508300;0,01524900;0,00508300;0,01524900;0,00508300
151;28708,400;0,93346;0,54837;0,00542;0,91087;0,89616;0,94225;0,68062;1,05832;0,46396;0,00718;0,01515000;0,00505000;0,01515000;0,00505000;0,01515000;0,00505000;0,01515000;0,00505000
152;28987,100;0,93964;0,55225;0,00535;0,90766;0,89711;0,94230;0,68072;1,05760;0,46672;0,00718;0,01505100;0,00501700;0,01505100;0,00501700;0,01505100;0,00501700;0,01505100;0,00501700
153;29266,500;0,93386;0,54916;0,00540;0,90538;0,89613;0,94178;0,68053;1,05659;0,47170;0,00717;0,01495200;0,00498400;0,01495200;0,00498400;0,01495200;0,00498400;0,01495200;0,00498400
154;29545,200;0,93445;0,54726;0,00538;0,90491;0,89498;0,94172;0,68074;1,05615;0,47603;0,00716;0,01485300;0,00495100;0,01485300;0,00495100;0,01485300;0,00495100;0,01485300;0,00495100
155;29824,900;0,93254;0,54573;0,00538;0,89920;0,89702;0,94149;0,68106;1,05618;0,47652;0,00716;0,01475400;0,00491800;0,01475400;0,00491800;0,01475400;0,00491800;0,01475400;0,00491800
156;30103,000;0,92978;0,55072;0,00536;0,90581;0,89161;0,94191;0,68110;1,05499;0,47735;0,00715;0,01465500;0,00488500;0,01465500;0,00488500;0,01465500;0,00488500;0,01465500;0,00488500
157;30382,800;0,93058;0,55237;0,00536;0,90913;0,89278;0,94261;0,68188;1,05419;0,47395;0,00714;0,01455600;0,00485200;0,01455600;0,00485200;0,01455600;0,00485200;0,01455600;0,00485200
158;30661,600;0,92418;0,54467;0,00537;0,90828;0,89670;0,94324;0,68282;1,05373;0,46815;0,00713;0,01445700;0,00481900;0,01445700;0,00481900;0,01445700;0,00481900;0,01445700;0,00481900
159;30941,100;0,92631;0,54276;0,00531;0,90873;0,89870;0,94348;0,68311;1,05309;0,46271;0,00712;0,01435800;0,00478600;0,01435800;0,00478600;0,01435800;0,00478600;0,01435800;0,00478600
160;31220,200;0,92293;0,53935;0,00530;0,90998;0,90080;0,94399;0,68447;1,05241;0,45819;0,00712;0,01425900;0,00475300;0,01425900;0,00475300;0,01425900;0,00475300;0,01425900;0,00475300
161;31499,200;0,91523;0,53517;0,00528;0,91008;0,90081;0,94424;0,68492;1,05196;0,45540;0,00712;0,01416000;0,00472000;0,01416000;0,00472000;0,01416000;0,00472000;0,01416000;0,00472000
162;31778,500;0,91649;0,53303;0,00523;0,91366;0,90014;0,94444;0,68554;1,05157;0,45418;0,00712;0,01406100;0,00468700;0,01406100;0,00468700;0,01406100;0,00468700;0,01406100;0,00468700
163;32056,700;0,91419;0,52991;0,00526;0,91451;0,89978;0,94457;0,68583;1,05106;0,45291;0,00711;0,01396200;0,00465400;0,01396200;0,00465400;0,01396200;0,00465400;0,01396200;0,00465400
164;32335,600;0,91278;0,52904;0,00522;0,90820;0,90473;0,94503;0,68642;1,05067;0,45123;0,00710;0,01386300;0,00462100;0,01386300;0,00462100;0,01386300;0,00462100;0,01386300;0,00462100
165;32614,700;0,90859;0,52694;0,00528;0,90662;0,90442;0,94525;0,68706;1,04995;0,45113;0,00709;0,01376400;0,00458800;0,01376400;0,00458800;0,01376400;0,00458800;0,01376400;0,00458800
166;32893,400;0,91513;0,53294;0,00518;0,90830;0,90256;0,94499;0,68731;1,04887;0,45159;0,00709;0,01366500;0,00455500;0,01366500;0,00455500;0,01366500;0,00455500;0,01366500;0,00455500
167;33172,300;0,90916;0,52911;0,00523;0,90805;0,90343;0,94518;0,68754;1,04863;0,45015;0,00709;0,01356600;0,00452200;0,01356600;0,00452200;0,01356600;0,00452200;0,01356600;0,00452200
168;33451,800;0,90316;0,52414;0,00515;0,90835;0,90183;0,94577;0,68853;1,04862;0,44878;0,00709;0,01346700;0,00448900;0,01346700;0,00448900;0,01346700;0,00448900;0,01346700;0,00448900
169;33730,100;0,90683;0,52031;0,00515;0,90388;0,90769;0,94594;0,68888;1,04777;0,44868;0,00709;0,01336800;0,00445600;0,01336800;0,00445600;0,01336800;0,00445600;0,01336800;0,00445600
170;34008,700;0,90198;0,51923;0,00512;0,90581;0,90339;0,94598;0,68941;1,04678;0,44847;0,00708;0,01326900;0,00442300;0,01326900;0,00442300;0,01326900;0,00442300;0,01326900;0,00442300
171;34288,400;0,90037;0,52332;0,00517;0,90854;0,90272;0,94521;0,68994;1,04627;0,44747;0,00708;0,01317000;0,00439000;0,01317000;0,00439000;0,01317000;0,00439000;0,01317000;0,00439000
172;34566,400;0,89609;0,51789;0,00515;0,91235;0,90222;0,94539;0,69005;1,04574;0,44604;0,00708;0,01307100;0,00435700;0,01307100;0,00435700;0,01307100;0,00435700;0,01307100;0,00435700
173;34845,600;0,89966;0,52145;0,00512;0,91399;0,89991;0,94531;0,69007;1,04501;0,44661;0,00707;0,01297200;0,00432400;0,01297200;0,00432400;0,01297200;0,00432400;0,01297200;0,00432400
174;35124,200;0,89432;0,51854;0,00511;0,91517;0,89655;0,94554;0,69010;1,04419;0,44458;0,00707;0,01287300;0,00429100;0,01287300;0,00429100;0,01287300;0,00429100;0,01287300;0,00429100
175;35402,400;0,89014;0,52031;0,00507;0,91251;0,90050;0,94563;0,69049;1,04268;0,44531;0,00706;0,01277400;0,00425800;0,01277400;0,00425800;0,01277400;0,00425800;0,01277400;0,00425800
176;35680,100;0,89592;0,51882;0,00504;0,91536;0,90038;0,94575;0,69097;1,04288;0,44242;0,00706;0,01267500;0,00422500;0,01267500;0,00422500;0,01267500;0,00422500;0,01267500;0,00422500
177;35959,600;0,89282;0,51512;0,00505;0,91686;0,89933;0,94582;0,69133;1,04152;0,44461;0,00704;0,01257600;0,00419200;0,01257600;0,00419200;0,01257600;0,00419200;0,01257600;0,00419200
178;36239,000;0,89067;0,51565;0,00508;0,91587;0,89801;0,94603;0,69221;1,04143;0,44360;0,00704;0,01247700;0,00415900;0,01247700;0,00415900;0,01247700;0,00415900;0,01247700;0,00415900
179;36519,000;0,88952;0,51044;0,00503;0,91789;0,89740;0,94668;0,69272;1,04046;0,44368;0,00703;0,01237800;0,00412600;0,01237800;0,00412600;0,01237800;0,00412600;0,01237800;0,00412600
180;36797,700;0,88134;0,50343;0,00502;0,92162;0,89452;0,94657;0,69288;1,04068;0,44117;0,00704;0,01227900;0,00409300;0,01227900;0,00409300;0,01227900;0,00409300;0,01227900;0,00409300
181;37077,400;0,88117;0,50928;0,00505;0,92047;0,89554;0,94700;0,69321;1,03998;0,44001;0,00704;0,01218000;0,00406000;0,01218000;0,00406000;0,01218000;0,00406000;0,01218000;0,00406000
182;37355,900;0,88296;0,50733;0,00499;0,92206;0,89440;0,94721;0,69329;1,03877;0,43990;0,00703;0,01208100;0,00402700;0,01208100;0,00402700;0,01208100;0,00402700;0,01208100;0,00402700
183;37635,000;0,87815;0,50361;0,00501;0,92113;0,89734;0,94722;0,69340;1,03828;0,43846;0,00702;0,01198200;0,00399400;0,01198200;0,00399400;0,01198200;0,00399400;0,01198200;0,00399400
184;37914,200;0,87469;0,50169;0,00499;0,92422;0,89295;0,94763;0,69414;1,03725;0,43863;0,00702;0,01188300;0,00396100;0,01188300;0,00396100;0,01188300;0,00396100;0,01188300;0,00396100
185;38192,900;0,87924;0,50611;0,00495;0,92504;0,89082;0,94749;0,69473;1,03576;0,43979;0,00700;0,01178400;0,00392800;0,01178400;0,00392800;0,01178400;0,00392800;0,01178400;0,00392800
186;38472,500;0,87764;0,50084;0,00494;0,91846;0,89680;0,94770;0,69542;1,03522;0,43904;0,00700;0,01168500;0,00389500;0,01168500;0,00389500;0,01168500;0,00389500;0,01168500;0,00389500
187;38750,800;0,86892;0,49616;0,00491;0,92400;0,89070;0,94767;0,69540;1,03439;0,43828;0,00699;0,01158600;0,00386200;0,01158600;0,00386200;0,01158600;0,00386200;0,01158600;0,00386200
188;39030,300;0,86823;0,49922;0,00491;0,91569;0,90207;0,94808;0,69587;1,03375;0,43777;0,00699;0,01148700;0,00382900;0,01148700;0,00382900;0,01148700;0,00382900;0,01148700;0,00382900
189;39308,800;0,86706;0,49413;0,00487;0,92537;0,89151;0,94795;0,69588;1,03304;0,43753;0,00698;0,01138800;0,00379600;0,01138800;0,00379600;0,01138800;0,00379600;0,01138800;0,00379600
190;39588,300;0,86282;0,48972;0,00484;0,92969;0,88936;0,94779;0,69559;1,03191;0,43745;0,00698;0,01128900;0,00376300;0,01128900;0,00376300;0,01128900;0,00376300;0,01128900;0,00376300
191;39867,700;0,86324;0,48992;0,00490;0,91597;0,90148;0,94777;0,69590;1,03089;0,43759;0,00697;0,01119000;0,00373000;0,01119000;0,00373000;0,01119000;0,00373000;0,01119000;0,00373000
192;40145,600;0,86228;0,49308;0,00482;0,91466;0,90161;0,94761;0,69624;1,03075;0,43767;0,00697;0,01109100;0,00369700;0,01109100;0,00369700;0,01109100;0,00369700;0,01109100;0,00369700
193;40424,100;0,85791;0,48631;0,00483;0,91641;0,90227;0,94774;0,69701;1,02993;0,43695;0,00696;0,01099200;0,00366400;0,01099200;0,00366400;0,01099200;0,00366400;0,01099200;0,00366400
194;40701,900;0,85644;0,48454;0,00483;0,92056;0,90008;0,94764;0,69769;1,02972;0,43835;0,00695;0,01089300;0,00363100;0,01089300;0,00363100;0,01089300;0,00363100;0,01089300;0,00363100
195;40981,000;0,85003;0,48259;0,00477;0,92282;0,89865;0,94806;0,69828;1,02924;0,43754;0,00695;0,01079400;0,00359800;0,01079400;0,00359800;0,01079400;0,00359800;0,01079400;0,00359800
196;41259,500;0,85195;0,47872;0,00475;0,92321;0,89898;0,94811;0,69875;1,02877;0,43726;0,00694;0,01069500;0,00356500;0,01069500;0,00356500;0,01069500;0,00356500;0,01069500;0,00356500
197;41538,300;0,85065;0,48074;0,00479;0,92072;0,90069;0,94822;0,69907;1,02807;0,43694;0,00694;0,01059600;0,00353200;0,01059600;0,00353200;0,01059600;0,00353200;0,01059600;0,00353200
198;41817,700;0,84905;0,48370;0,00476;0,92352;0,89769;0,94802;0,69928;1,02758;0,43657;0,00693;0,01049700;0,00349900;0,01049700;0,00349900;0,01049700;0,00349900;0,01049700;0,00349900
199;42096,000;0,84295;0,47521;0,00475;0,92362;0,89714;0,94750;0,69937;1,02690;0,43713;0,00693;0,01039800;0,00346600;0,01039800;0,00346600;0,01039800;0,00346600;0,01039800;0,00346600
200;42374,600;0,84459;0,48111;0,00471;0,92145;0,89776;0,94772;0,69989;1,02629;0,43549;0,00693;0,01029900;0,00343300;0,01029900;0,00343300;0,01029900;0,00343300;0,01029900;0,00343300
201;42653,300;0,84319;0,47688;0,00474;0,91749;0,90263;0,94787;0,70017;1,02511;0,43696;0,00692;0,01020000;0,00340000;0,01020000;0,00340000;0,01020000;0,00340000;0,01020000;0,00340000
202;42932,700;0,83950;0,47655;0,00476;0,92319;0,89699;0,94767;0,70018;1,02523;0,43549;0,00692;0,01010100;0,00336700;0,01010100;0,00336700;0,01010100;0,00336700;0,01010100;0,00336700
203;43211,800;0,83880;0,47162;0,00469;0,92314;0,89602;0,94783;0,70039;1,02472;0,43567;0,00690;0,01000200;0,00333400;0,01000200;0,00333400;0,01000200;0,00333400;0,01000200;0,00333400
204;43490,900;0,83063;0,46719;0,00464;0,91831;0,90210;0,94780;0,70077;1,02381;0,43654;0,00688;0,00990300;0,00330100;0,00990300;0,00330100;0,00990300;0,00330100;0,00990300;0,00330100
205;43769,400;0,83385;0,47029;0,00464;0,91863;0,90182;0,94791;0,70110;1,02305;0,43636;0,00688;0,00980400;0,00326800;0,00980400;0,00326800;0,00980400;0,00326800;0,00980400;0,00326800
206;44048,100;0,82968;0,46561;0,00461;0,91898;0,90244;0,94836;0,70195;1,02275;0,43527;0,00688;0,00970500;0,00323500;0,00970500;0,00323500;0,00970500;0,00323500;0,00970500;0,00323500
207;44327,700;0,83458;0,46717;0,00462;0,92237;0,89831;0,94893;0,70255;1,02224;0,43470;0,00688;0,00960600;0,00320200;0,00960600;0,00320200;0,00960600;0,00320200;0,00960600;0,00320200
208;44607,000;0,83024;0,46543;0,00461;0,92332;0,89954;0,94894;0,70301;1,02188;0,43333;0,00688;0,00950700;0,00316900;0,00950700;0,00316900;0,00950700;0,00316900;0,00950700;0,00316900
209;44886,300;0,82820;0,46326;0,00462;0,92099;0,90192;0,94920;0,70294;1,02109;0,43337;0,00688;0,00940800;0,00313600;0,00940800;0,00313600;0,00940800;0,00313600;0,00940800;0,00313600
210;45165,300;0,82359;0,46357;0,00457;0,92309;0,90052;0,94934;0,70343;1,02052;0,43278;0,00687;0,00930900;0,00310300;0,00930900;0,00310300;0,00930900;0,00310300;0,00930900;0,00310300
211;45444,200;0,82280;0,46759;0,00455;0,92713;0,89560;0,94930;0,70357;1,01958;0,43283;0,00687;0,00921000;0,00307000;0,00921000;0,00307000;0,00921000;0,00307000;0,00921000;0,00307000
212;45722,600;0,81875;0,45989;0,00456;0,92820;0,89507;0,94931;0,70413;1,01847;0,43129;0,00686;0,00911100;0,00303700;0,00911100;0,00303700;0,00911100;0,00303700;0,00911100;0,00303700
213;46002,000;0,81668;0,45625;0,00453;0,92724;0,89663;0,94966;0,70441;1,01808;0,43118;0,00685;0,00901200;0,00300400;0,00901200;0,00300400;0,00901200;0,00300400;0,00901200;0,00300400
214;46281,000;0,81390;0,45702;0,00459;0,92905;0,89595;0,94981;0,70424;1,01790;0,43024;0,00684;0,00891300;0,00297100;0,00891300;0,00297100;0,00891300;0,00297100;0,00891300;0,00297100
215;46559,300;0,81173;0,45359;0,00449;0,93239;0,89274;0,94983;0,70461;1,01694;0,42916;0,00684;0,00881400;0,00293800;0,00881400;0,00293800;0,00881400;0,00293800;0,00881400;0,00293800
216;46837,200;0,81016;0,45289;0,00450;0,93554;0,89027;0,95000;0,70534;1,01632;0,42849;0,00683;0,00871500;0,00290500;0,00871500;0,00290500;0,00871500;0,00290500;0,00871500;0,00290500
217;47116,100;0,80596;0,45070;0,00450;0,93731;0,88946;0,95018;0,70534;1,01615;0,42753;0,00682;0,00861600;0,00287200;0,00861600;0,00287200;0,00861600;0,00287200;0,00861600;0,00287200
218;47394,400;0,80483;0,44856;0,00445;0,93727;0,89193;0,95031;0,70606;1,01575;0,42683;0,00682;0,00851700;0,00283900;0,00851700;0,00283900;0,00851700;0,00283900;0,00851700;0,00283900
219;47673,900;0,80654;0,45714;0,00451;0,93785;0,89014;0,95069;0,70624;1,01490;0,42602;0,00682;0,00841800;0,00280600;0,00841800;0,00280600;0,00841800;0,00280600;0,00841800;0,00280600
220;47953,900;0,80357;0,45372;0,00441;0,93432;0,89376;0,95087;0,70659;1,01472;0,42531;0,00682;0,00831900;0,00277300;0,00831900;0,00277300;0,00831900;0,00277300;0,00831900;0,00277300
221;48233,000;0,80562;0,45431;0,00444;0,93429;0,89352;0,95061;0,70667;1,01454;0,42640;0,00681;0,00822000;0,00274000;0,00822000;0,00274000;0,00822000;0,00274000;0,00822000;0,00274000
222;48513,800;0,79497;0,44485;0,00443;0,93571;0,89370;0,95080;0,70715;1,01385;0,42636;0,00681;0,00812100;0,00270700;0,00812100;0,00270700;0,00812100;0,00270700;0,00812100;0,00270700
223;48793,000;0,80028;0,44715;0,00444;0,93456;0,89336;0,95088;0,70732;1,01362;0,42646;0,00681;0,00802200;0,00267400;0,00802200;0,00267400;0,00802200;0,00267400;0,00802200;0,00267400
224;49071,700;0,79521;0,44593;0,00441;0,93381;0,89553;0,95099;0,70779;1,01302;0,42727;0,00681;0,00792300;0,00264100;0,00792300;0,00264100;0,00792300;0,00264100;0,00792300;0,00264100
225;49351,100;0,79250;0,44376;0,00437;0,93009;0,89738;0,95103;0,70792;1,01275;0,42723;0,00681;0,00782400;0,00260800;0,00782400;0,00260800;0,00782400;0,00260800;0,00782400;0,00260800
226;49631,600;0,78664;0,43821;0,00434;0,92640;0,90029;0,95097;0,70831;1,01283;0,42727;0,00680;0,00772500;0,00257500;0,00772500;0,00257500;0,00772500;0,00257500;0,00772500;0,00257500
227;49910,000;0,78773;0,43856;0,00434;0,92799;0,89966;0,95098;0,70885;1,01185;0,42709;0,00679;0,00762600;0,00254200;0,00762600;0,00254200;0,00762600;0,00254200;0,00762600;0,00254200
228;50189,500;0,78372;0,43274;0,00434;0,92688;0,90102;0,95103;0,70954;1,01164;0,42732;0,00679;0,00752700;0,00250900;0,00752700;0,00250900;0,00752700;0,00250900;0,00752700;0,00250900
229;50469,100;0,78638;0,43355;0,00431;0,92718;0,90058;0,95120;0,70961;1,01140;0,42758;0,00679;0,00742800;0,00247600;0,00742800;0,00247600;0,00742800;0,00247600;0,00742800;0,00247600
230;50748,200;0,78145;0,43039;0,00430;0,92697;0,89941;0,95118;0,70973;1,01066;0,42659;0,00678;0,00732900;0,00244300;0,00732900;0,00244300;0,00732900;0,00244300;0,00732900;0,00244300
231;51028,300;0,78087;0,43551;0,00425;0,92801;0,90047;0,95172;0,71021;1,00963;0,42720;0,00678;0,00723000;0,00241000;0,00723000;0,00241000;0,00723000;0,00241000;0,00723000;0,00241000
232;51307,400;0,78126;0,43644;0,00429;0,92738;0,90083;0,95137;0,71024;1,00954;0,42620;0,00678;0,00713100;0,00237700;0,00713100;0,00237700;0,00713100;0,00237700;0,00713100;0,00237700
233;51586,900;0,77694;0,42851;0,00429;0,92599;0,90343;0,95130;0,71011;1,00869;0,42731;0,00677;0,00703200;0,00234400;0,00703200;0,00234400;0,00703200;0,00234400;0,00703200;0,00234400
234;51866,300;0,77340;0,42957;0,00426;0,92841;0,89958;0,95131;0,70997;1,00854;0,42621;0,00677;0,00693300;0,00231100;0,00693300;0,00231100;0,00693300;0,00231100;0,00693300;0,00231100
235;52145,000;0,76849;0,42926;0,00424;0,92681;0,90192;0,95136;0,71055;1,00849;0,42619;0,00677;0,00683400;0,00227800;0,00683400;0,00227800;0,00683400;0,00227800;0,00683400;0,00227800
236;52422,800;0,76372;0,42205;0,00422;0,92652;0,90098;0,95110;0,71076;1,00739;0,42779;0,00676;0,00673500;0,00224500;0,00673500;0,00224500;0,00673500;0,00224500;0,00673500;0,00224500
237;52701,200;0,76841;0,42432;0,00421;0,92370;0,90417;0,95142;0,71097;1,00752;0,42725;0,00676;0,00663600;0,00221200;0,00663600;0,00221200;0,00663600;0,00221200;0,00663600;0,00221200
238;52982,500;0,76568;0,42157;0,00415;0,92652;0,90059;0,95115;0,71119;1,00706;0,42813;0,00675;0,00653700;0,00217900;0,00653700;0,00217900;0,00653700;0,00217900;0,00653700;0,00217900
239;53262,500;0,76158;0,42454;0,00417;0,92314;0,90281;0,95129;0,71115;1,00650;0,42790;0,00675;0,00643800;0,00214600;0,00643800;0,00214600;0,00643800;0,00214600;0,00643800;0,00214600
240;53542,400;0,76672;0,42245;0,00417;0,92502;0,90200;0,95144;0,71157;1,00615;0,42846;0,00674;0,00633900;0,00211300;0,00633900;0,00211300;0,00633900;0,00211300;0,00633900;0,00211300
241;53822,100;0,76115;0,41706;0,00412;0,92551;0,90165;0,95130;0,71191;1,00606;0,42768;0,00674;0,00624000;0,00208000;0,00624000;0,00208000;0,00624000;0,00208000;0,00624000;0,00208000
242;54101,500;0,75891;0,41797;0,00415;0,92612;0,90187;0,95127;0,71236;1,00574;0,42691;0,00674;0,00614100;0,00204700;0,00614100;0,00204700;0,00614100;0,00204700;0,00614100;0,00204700
243;54380,500;0,75650;0,41244;0,00408;0,93023;0,89868;0,95121;0,71274;1,00499;0,42586;0,00673;0,00604200;0,00201400;0,00604200;0,00201400;0,00604200;0,00201400;0,00604200;0,00201400
244;54660,600;0,75137;0,41639;0,00410;0,92735;0,90077;0,95125;0,71317;1,00459;0,42551;0,00673;0,00594300;0,00198100;0,00594300;0,00198100;0,00594300;0,00198100;0,00594300;0,00198100
245;54942,000;0,75076;0,41536;0,00406;0,92729;0,90107;0,95114;0,71353;1,00469;0,42605;0,00672;0,00584400;0,00194800;0,00584400;0,00194800;0,00584400;0,00194800;0,00584400;0,00194800
246;55223,800;0,74865;0,41063;0,00406;0,92564;0,90068;0,95143;0,71368;1,00420;0,42723;0,00672;0,00574500;0,00191500;0,00574500;0,00191500;0,00574500;0,00191500;0,00574500;0,00191500
247;55512,900;0,75140;0,41169;0,00403;0,92790;0,90031;0,95121;0,71403;1,00415;0,42667;0,00672;0,00564600;0,00188200;0,00564600;0,00188200;0,00564600;0,00188200;0,00564600;0,00188200
248;55792,300;0,74703;0,40861;0,00403;0,92944;0,90074;0,95145;0,71398;1,00358;0,42663;0,00671;0,00554700;0,00184900;0,00554700;0,00184900;0,00554700;0,00184900;0,00554700;0,00184900
249;56071,900;0,73929;0,40324;0,00402;0,92796;0,90231;0,95156;0,71427;1,00353;0,42698;0,00671;0,00544800;0,00181600;0,00544800;0,00181600;0,00544800;0,00181600;0,00544800;0,00181600
250;56352,600;0,73965;0,40107;0,00400;0,92630;0,90142;0,95143;0,71469;1,00260;0,42804;0,00670;0,00534900;0,00178300;0,00534900;0,00178300;0,00534900;0,00178300;0,00534900;0,00178300
251;56633,000;0,73551;0,39979;0,00398;0,92746;0,90210;0,95148;0,71501;1,00214;0,42797;0,00670;0,00525000;0,00175000;0,00525000;0,00175000;0,00525000;0,00175000;0,00525000;0,00175000
252;56912,600;0,73342;0,39784;0,00396;0,92775;0,90228;0,95159;0,71502;1,00169;0,42799;0,00670;0,00515100;0,00171700;0,00515100;0,00171700;0,00515100;0,00171700;0,00515100;0,00171700
253;57192,600;0,73448;0,40010;0,00396;0,92619;0,90439;0,95172;0,71535;1,00142;0,42828;0,00670;0,00505200;0,00168400;0,00505200;0,00168400;0,00505200;0,00168400;0,00505200;0,00168400
254;57471,700;0,72674;0,39734;0,00393;0,92655;0,90376;0,95170;0,71554;1,00092;0,42835;0,00669;0,00495300;0,00165100;0,00495300;0,00165100;0,00495300;0,00165100;0,00495300;0,00165100
255;57751,800;0,72764;0,39654;0,00389;0,92991;0,90123;0,95194;0,71623;1,00013;0,42748;0,00669;0,00485400;0,00161800;0,00485400;0,00161800;0,00485400;0,00161800;0,00485400;0,00161800
256;58031,600;0,72608;0,39378;0,00393;0,92670;0,90413;0,95182;0,71642;0,99935;0,42835;0,00668;0,00475500;0,00158500;0,00475500;0,00158500;0,00475500;0,00158500;0,00475500;0,00158500
257;58311,800;0,72314;0,39097;0,00390;0,92621;0,90516;0,95182;0,71662;0,99883;0,42759;0,00668;0,00465600;0,00155200;0,00465600;0,00155200;0,00465600;0,00155200;0,00465600;0,00155200
258;58594,200;0,72310;0,39198;0,00385;0,92460;0,90515;0,95190;0,71659;0,99753;0,42828;0,00667;0,00455700;0,00151900;0,00455700;0,00151900;0,00455700;0,00151900;0,00455700;0,00151900
259;58874,400;0,71562;0,39034;0,00386;0,92780;0,90347;0,95207;0,71694;0,99697;0,42838;0,00667;0,00445800;0,00148600;0,00445800;0,00148600;0,00445800;0,00148600;0,00445800;0,00148600
260;288,969;0,72330;0,39040;0,00390;0,92876;0,90388;0,95217;0,71685;0,99702;0,42879;0,00667;0,00435900;0,00145300;0,00435900;0,00145300;0,00435900;0,00145300;0,00435900;0,00145300
261;678,978;0,72663;0,38780;0,00392;0,92729;0,90412;0,95173;0,71682;0,99668;0,42769;0,00666;0,00426000;0,00142000;0,00426000;0,00142000;0,00426000;0,00142000;0,00426000;0,00142000
262;1090,530;0,72709;0,39056;0,00393;0,92756;0,90471;0,95185;0,71720;0,99639;0,42791;0,00666;0,00416100;0,00138700;0,00416100;0,00138700;0,00416100;0,00138700;0,00416100;0,00138700
263;1496,990;0,72562;0,39310;0,00389;0,92915;0,90521;0,95190;0,71757;0,99591;0,42722;0,00666;0,00406200;0,00135400;0,00406200;0,00135400;0,00406200;0,00135400;0,00406200;0,00135400
264;1902,840;0,72398;0,38960;0,00391;0,92847;0,90531;0,95187;0,71781;0,99578;0,42785;0,00666;0,00396300;0,00132100;0,00396300;0,00132100;0,00396300;0,00132100;0,00396300;0,00132100
265;2314,050;0,72708;0,39231;0,00389;0,92953;0,90411;0,95192;0,71795;0,99562;0,42633;0,00666;0,00386400;0,00128800;0,00386400;0,00128800;0,00386400;0,00128800;0,00386400;0,00128800
266;2734,780;0,71888;0,38900;0,00391;0,92837;0,90381;0,95198;0,71795;0,99487;0,42751;0,00666;0,00376500;0,00125500;0,00376500;0,00125500;0,00376500;0,00125500;0,00376500;0,00125500
267;3142,400;0,72478;0,38833;0,00386;0,92758;0,90469;0,95194;0,71803;0,99448;0,42803;0,00665;0,00366600;0,00122200;0,00366600;0,00122200;0,00366600;0,00122200;0,00366600;0,00122200
268;3551,800;0,72011;0,38467;0,00384;0,92725;0,90384;0,95202;0,71818;0,99451;0,42755;0,00666;0,00356700;0,00118900;0,00356700;0,00118900;0,00356700;0,00118900;0,00356700;0,00118900
269;3973,310;0,71992;0,38923;0,00382;0,92914;0,90230;0,95215;0,71832;0,99434;0,42668;0,00666;0,00346800;0,00115600;0,00346800;0,00115600;0,00346800;0,00115600;0,00346800;0,00115600
270;4380,930;0,71631;0,38581;0,00384;0,92901;0,90323;0,95223;0,71860;0,99394;0,42617;0,00666;0,00336900;0,00112300;0,00336900;0,00112300;0,00336900;0,00112300;0,00336900;0,00112300
271;4659,780;0,71517;0,38529;0,00383;0,92811;0,90357;0,95225;0,71857;0,99272;0,42734;0,00664;0,00327000;0,00109000;0,00327000;0,00109000;0,00327000;0,00109000;0,00327000;0,00109000
272;4939,880;0,71306;0,38313;0,00382;0,92904;0,90441;0,95258;0,71910;0,99219;0,42648;0,00664;0,00317100;0,00105700;0,00317100;0,00105700;0,00317100;0,00105700;0,00317100;0,00105700
273;5219,940;0,70989;0,38556;0,00383;0,92990;0,90463;0,95270;0,71918;0,99210;0,42530;0,00664;0,00307200;0,00102400;0,00307200;0,00102400;0,00307200;0,00102400;0,00307200;0,00102400
274;5636,810;0,70898;0,37906;0,00385;0,93014;0,90400;0,95284;0,71939;0,99151;0,42521;0,00664;0,00297300;0,00099100;0,00297300;0,00099100;0,00297300;0,00099100;0,00297300;0,00099100
275;6049,710;0,70645;0,38021;0,00379;0,93044;0,90456;0,95276;0,71908;0,99097;0,42481;0,00664;0,00287400;0,00095800;0,00287400;0,00095800;0,00287400;0,00095800;0,00287400;0,00095800
276;6452,280;0,70244;0,37392;0,00376;0,93103;0,90454;0,95256;0,71919;0,99069;0,42502;0,00663;0,00277500;0,00092500;0,00277500;0,00092500;0,00277500;0,00092500;0,00277500;0,00092500
277;6872,890;0,70744;0,37496;0,00373;0,93115;0,90511;0,95257;0,71967;0,99059;0,42394;0,00663;0,00267600;0,00089200;0,00267600;0,00089200;0,00267600;0,00089200;0,00267600;0,00089200
278;7291,870;0,70137;0,37411;0,00374;0,93198;0,90445;0,95277;0,71971;0,99096;0,42323;0,00663;0,00257700;0,00085900;0,00257700;0,00085900;0,00257700;0,00085900;0,00257700;0,00085900
279;7728,540;0,70310;0,37403;0,00372;0,93393;0,90401;0,95296;0,72021;0,99039;0,42260;0,00663;0,00247800;0,00082600;0,00247800;0,00082600;0,00247800;0,00082600;0,00247800;0,00082600
280;8007,160;0,69756;0,37165;0,00370;0,93405;0,90359;0,95285;0,72002;0,98993;0,42217;0,00663;0,00237900;0,00079300;0,00237900;0,00079300;0,00237900;0,00079300;0,00237900;0,00079300
281;8286,810;0,69091;0,36933;0,00370;0,93445;0,90202;0,95272;0,72016;0,98929;0,42197;0,00663;0,00228000;0,00076000;0,00228000;0,00076000;0,00228000;0,00076000;0,00228000;0,00076000
282;8568,050;0,69474;0,37141;0,00368;0,93481;0,90344;0,95276;0,71990;0,98876;0,42101;0,00662;0,00218100;0,00072700;0,00218100;0,00072700;0,00218100;0,00072700;0,00218100;0,00072700
283;8848,280;0,68880;0,36820;0,00368;0,93534;0,90320;0,95319;0,72047;0,98834;0,42068;0,00662;0,00208200;0,00069400;0,00208200;0,00069400;0,00208200;0,00069400;0,00208200;0,00069400
284;9129,960;0,69017;0,36673;0,00367;0,93724;0,90172;0,95330;0,72060;0,98813;0,42092;0,00662;0,00198300;0,00066100;0,00198300;0,00066100;0,00198300;0,00066100;0,00198300;0,00066100
285;9410,520;0,68853;0,36742;0,00360;0,93633;0,90245;0,95335;0,72084;0,98796;0,42075;0,00662;0,00188400;0,00062800;0,00188400;0,00062800;0,00188400;0,00062800;0,00188400;0,00062800
286;9691,110;0,69085;0,36912;0,00364;0,93723;0,90183;0,95326;0,72086;0,98770;0,41940;0,00662;0,00178500;0,00059500;0,00178500;0,00059500;0,00178500;0,00059500;0,00178500;0,00059500
287;9971,780;0,68158;0,36417;0,00363;0,93750;0,90165;0,95324;0,72092;0,98695;0,41968;0,00661;0,00168600;0,00056200;0,00168600;0,00056200;0,00168600;0,00056200;0,00168600;0,00056200
288;10253,600;0,68543;0,36635;0,00359;0,93791;0,90077;0,95324;0,72102;0,98629;0,41984;0,00661;0,00158700;0,00052900;0,00158700;0,00052900;0,00158700;0,00052900;0,00158700;0,00052900
289;10535,300;0,67692;0,36142;0,00357;0,93897;0,90069;0,95322;0,72102;0,98612;0,42090;0,00661;0,00148800;0,00049600;0,00148800;0,00049600;0,00148800;0,00049600;0,00148800;0,00049600
290;10816,400;0,67409;0,36106;0,00358;0,93921;0,90094;0,95333;0,72144;0,98597;0,42054;0,00661;0,00138900;0,00046300;0,00138900;0,00046300;0,00138900;0,00046300;0,00138900;0,00046300
291;11097,100;0,67815;0,36418;0,00358;0,93811;0,90074;0,95331;0,72132;0,98611;0,41979;0,00661;0,00129000;0,00043000;0,00129000;0,00043000;0,00129000;0,00043000;0,00129000;0,00043000
292;11377,400;0,66940;0,35428;0,00353;0,93797;0,90203;0,95336;0,72163;0,98585;0,42081;0,00661;0,00119100;0,00039700;0,00119100;0,00039700;0,00119100;0,00039700;0,00119100;0,00039700
293;11658,600;0,67243;0,35763;0,00354;0,93904;0,90112;0,95339;0,72141;0,98600;0,42019;0,00661;0,00109200;0,00036400;0,00109200;0,00036400;0,00109200;0,00036400;0,00109200;0,00036400
294;11939,300;0,66830;0,35553;0,00352;0,93919;0,90073;0,95327;0,72146;0,98575;0,42158;0,00661;0,00099300;0,00033100;0,00099300;0,00033100;0,00099300;0,00033100;0,00099300;0,00033100
295;12219,300;0,66943;0,35912;0,00350;0,93796;0,90148;0,95322;0,72130;0,98545;0,42090;0,00661;0,00089400;0,00029800;0,00089400;0,00029800;0,00089400;0,00029800;0,00089400;0,00029800
296;12500,400;0,66685;0,35302;0,00351;0,93838;0,90133;0,95329;0,72165;0,98530;0,42054;0,00661;0,00079500;0,00026500;0,00079500;0,00026500;0,00079500;0,00026500;0,00079500;0,00026500
297;12781,000;0,66648;0,35290;0,00346;0,93758;0,90118;0,95335;0,72196;0,98460;0,42132;0,00660;0,00069600;0,00023200;0,00069600;0,00023200;0,00069600;0,00023200;0,00069600;0,00023200
298;13061,800;0,66199;0,35385;0,00348;0,93633;0,90290;0,95328;0,72157;0,98446;0,42133;0,00659;0,00059700;0,00019900;0,00059700;0,00019900;0,00059700;0,00019900;0,00059700;0,00019900
299;13341,800;0,66665;0,35401;0,00350;0,93805;0,90136;0,95326;0,72169;0,98433;0,42118;0,00659;0,00049800;0,00016600;0,00049800;0,00016600;0,00049800;0,00016600;0,00049800;0,00016600
300;13622,900;0,65583;0,34833;0,00346;0,93903;0,90112;0,95330;0,72171;0,98435;0,42079;0,00659;0,00039900;0,00013300;0,00039900;0,00013300;0,00039900;0,00013300;0,00039900;0,00013300
